Time elapsed (ms),Avg throughput (tokens/s),Running (reqs),Swapped (reqs),Pending (reqs),GPU KV cache usage (%),CPU KV cache usage (%)
0,0,0,0,0,0,0
2672.3,16006.3,128,0,0,53.0,0.0
2712.1000000000004,3218.9,128,0,0,53.1,0.0
2746.8,3691.2,128,0,0,53.3,0.0
2781.5,3687.9,128,0,0,53.4,0.0
2816.2,3684.9,128,0,0,53.6,0.0
2850.8999999999996,3689.3,128,0,0,53.8,0.0
2885.5999999999995,3689.2,128,0,0,54.0,0.0
2920.1999999999994,3698.8,128,0,0,54.2,0.0
2954.9999999999995,3682.7,128,0,0,54.3,0.0
2989.7999999999997,3676.6,128,0,0,54.4,0.0
3024.4999999999995,3683.6,128,0,0,54.5,0.0
3059.2999999999997,3677.7,128,0,0,54.7,0.0
3094.2,3672.5,128,0,0,54.8,0.0
3129.2,3661.8,128,0,0,54.9,0.0
3164.2,3659.4,128,0,0,55.1,0.0
3199.2,3653.5,128,0,0,55.3,0.0
3234.2999999999997,3646.2,128,0,0,55.5,0.0
3269.4999999999995,3631.3,128,0,0,55.6,0.0
3304.5999999999995,3646.3,128,0,0,55.8,0.0
3339.7999999999993,3635.1,128,0,0,55.9,0.0
3374.999999999999,3636.1,128,0,0,56.1,0.0
3410.2999999999993,3621.1,128,0,0,56.3,0.0
3445.499999999999,3639.2,128,0,0,56.5,0.0
3480.899999999999,3616.3,128,0,0,56.6,0.0
3516.1999999999994,3623.8,128,0,0,56.8,0.0
3551.5999999999995,3616.0,128,0,0,56.9,0.0
3586.8999999999996,3630.0,128,0,0,57.0,0.0
3622.2,3623.9,128,0,0,57.2,0.0
3657.3999999999996,3631.6,128,0,0,57.3,0.0
3692.8999999999996,3605.5,128,0,0,57.4,0.0
3728.2999999999997,3619.6,128,0,0,57.5,0.0
3763.7999999999997,3605.6,128,0,0,57.8,0.0
3799.1,3622.1,128,0,0,58.0,0.0
3834.5,3610.9,128,0,0,58.1,0.0
3869.8,3621.4,128,0,0,58.3,0.0
3905.2000000000003,3614.7,128,0,0,58.4,0.0
3940.6000000000004,3619.6,128,0,0,58.6,0.0
3976.2000000000003,3595.2,128,0,0,58.7,0.0
4011.6000000000004,3610.8,128,0,0,59.0,0.0
4047.1000000000004,3606.6,128,0,0,59.1,0.0
4082.6000000000004,3605.9,128,0,0,59.3,0.0
4118.1,3601.1,128,0,0,59.4,0.0
4153.700000000001,3598.5,128,0,0,59.4,0.0
4189.300000000001,3593.8,128,0,0,59.6,0.0
4224.9000000000015,3595.3,128,0,0,59.8,0.0
4260.600000000001,3589.8,128,0,0,59.9,0.0
4296.300000000001,3585.5,128,0,0,60.0,0.0
4331.9000000000015,3596.1,128,0,0,60.3,0.0
4367.600000000001,3581.8,128,0,0,60.5,0.0
4403.4000000000015,3573.0,128,0,0,60.6,0.0
4439.100000000001,3585.8,128,0,0,60.8,0.0
4474.9000000000015,3578.5,128,0,0,60.9,0.0
4510.700000000002,3574.8,128,0,0,61.0,0.0
4546.500000000002,3578.7,128,0,0,61.2,0.0
4582.300000000002,3574.9,128,0,0,61.5,0.0
4618.200000000002,3565.9,128,0,0,61.6,0.0
4654.000000000002,3573.7,128,0,0,61.7,0.0
4689.9000000000015,3561.2,128,0,0,61.8,0.0
4725.800000000001,3570.3,128,0,0,61.9,0.0
4761.800000000001,3559.5,128,0,0,62.1,0.0
4797.700000000001,3564.7,128,0,0,62.3,0.0
4833.800000000001,3546.8,128,0,0,62.4,0.0
4869.700000000001,3567.1,128,0,0,62.5,0.0
4905.700000000001,3555.0,128,0,0,62.8,0.0
4941.6,3563.4,128,0,0,63.0,0.0
4977.5,3562.1,128,0,0,63.1,0.0
5013.5,3558.1,128,0,0,63.3,0.0
5049.5,3558.5,128,0,0,63.4,0.0
5085.5,3556.9,128,0,0,63.5,0.0
5121.6,3544.8,128,0,0,63.7,0.0
5157.6,3554.2,128,0,0,63.9,0.0
5193.700000000001,3544.3,128,0,0,64.1,0.0
5229.800000000001,3542.8,128,0,0,64.2,0.0
5266.100000000001,3529.5,128,0,0,64.3,0.0
5302.300000000001,3540.7,128,0,0,64.4,0.0
5338.4000000000015,3541.0,128,0,0,64.6,0.0
5374.600000000001,3537.9,128,0,0,64.8,0.0
5410.800000000001,3534.8,128,0,0,64.9,0.0
5447.000000000001,3534.2,128,0,0,65.0,0.0
5483.300000000001,3530.9,128,0,0,65.3,0.0
5519.700000000001,3519.8,128,0,0,65.5,0.0
5647.1,1004.7,128,0,0,65.6,0.0
5683.900000000001,3474.0,128,0,0,65.7,0.0
5720.3,3515.6,128,0,0,65.9,0.0
5756.6,3523.0,128,0,0,66.0,0.0
5793.0,3512.4,128,0,0,66.2,0.0
5829.6,3493.7,128,0,0,66.4,0.0
5866.0,3511.9,128,0,0,66.6,0.0
5902.6,3495.8,128,0,0,66.7,0.0
5939.1,3503.6,128,0,0,66.8,0.0
5975.8,3490.6,128,0,0,66.9,0.0
6012.400000000001,3495.2,128,0,0,67.1,0.0
6049.000000000001,3497.7,128,0,0,67.3,0.0
6085.600000000001,3501.7,128,0,0,67.4,0.0
6122.300000000001,3487.4,128,0,0,67.5,0.0
6158.9000000000015,3496.5,128,0,0,67.8,0.0
6195.600000000001,3488.4,128,0,0,68.0,0.0
6232.300000000001,3484.9,128,0,0,68.1,0.0
6268.9000000000015,3497.4,128,0,0,68.2,0.0
6305.600000000001,3488.5,128,0,0,68.4,0.0
6342.300000000001,3489.2,128,0,0,68.5,0.0
6379.100000000001,3482.1,128,0,0,68.7,0.0
6415.800000000001,3483.6,128,0,0,68.9,0.0
6452.700000000001,3473.4,128,0,0,69.1,0.0
6489.500000000001,3478.1,128,0,0,69.2,0.0
6526.500000000001,3462.4,128,0,0,69.3,0.0
6563.300000000001,3477.1,128,0,0,69.4,0.0
6600.100000000001,3477.3,128,0,0,69.6,0.0
6637.000000000001,3468.5,128,0,0,69.8,0.0
6673.900000000001,3471.9,128,0,0,69.9,0.0
6710.700000000001,3475.2,128,0,0,70.0,0.0
6747.700000000001,3459.7,128,0,0,70.3,0.0
6784.6,3466.3,128,0,0,70.5,0.0
6821.6,3462.3,128,0,0,70.6,0.0
6858.6,3459.8,128,0,0,70.7,0.0
6895.6,3461.7,128,0,0,70.9,0.0
6932.6,3456.9,128,0,0,71.0,0.0
6969.6,3455.1,128,0,0,71.2,0.0
7006.6,3458.1,128,0,0,71.4,0.0
7043.5,3465.5,128,0,0,71.6,0.0
7080.6,3448.0,128,0,0,71.7,0.0
7117.700000000001,3450.3,128,0,0,71.8,0.0
7154.800000000001,3446.7,128,0,0,71.9,0.0
7192.000000000001,3438.2,128,0,0,72.1,0.0
7229.100000000001,3452.0,128,0,0,72.2,0.0
7266.200000000002,3449.4,128,0,0,72.4,0.0
7303.4000000000015,3441.0,128,0,0,72.5,0.0
7340.500000000002,3447.8,128,0,0,72.7,0.0
7377.700000000002,3436.9,128,0,0,72.9,0.0
7415.000000000002,3430.9,128,0,0,73.1,0.0
7452.200000000002,3436.4,128,0,0,73.2,0.0
7489.4000000000015,3438.5,128,0,0,73.3,0.0
7526.700000000002,3434.3,128,0,0,73.5,0.0
7564.100000000001,3424.5,128,0,0,73.7,0.0
7601.4000000000015,3433.5,128,0,0,73.9,0.0
7638.700000000002,3435.8,128,0,0,74.1,0.0
7676.200000000002,3416.8,128,0,0,74.2,0.0
7713.500000000002,3433.8,128,0,0,74.3,0.0
7750.9000000000015,3424.7,128,0,0,74.4,0.0
7788.4000000000015,3411.4,128,0,0,74.6,0.0
7825.9000000000015,3416.8,128,0,0,74.7,0.0
7863.4000000000015,3414.4,128,0,0,74.8,0.0
7900.800000000001,3423.0,128,0,0,75.0,0.0
7938.300000000001,3413.8,128,0,0,75.2,0.0
7975.800000000001,3409.3,128,0,0,75.4,0.0
8013.500000000001,3396.4,128,0,0,75.5,0.0
8051.200000000001,3397.9,128,0,0,75.7,0.0
8088.800000000001,3404.8,128,0,0,75.8,0.0
8126.500000000001,3390.8,128,0,0,76.0,0.0
8164.200000000001,3392.8,128,0,0,76.2,0.0
8202.0,3387.0,128,0,0,76.4,0.0
8239.7,3392.1,128,0,0,76.6,0.0
8277.400000000001,3391.6,128,0,0,76.7,0.0
8315.2,3388.3,128,0,0,76.8,0.0
8353.0,3386.1,128,0,0,76.9,0.0
8390.8,3387.5,128,0,0,77.1,0.0
8428.699999999999,3376.4,128,0,0,77.2,0.0
8466.499999999998,3382.0,128,0,0,77.3,0.0
8504.399999999998,3379.1,128,0,0,77.4,0.0
8542.399999999998,3368.8,128,0,0,77.7,0.0
8580.299999999997,3379.6,128,0,0,77.9,0.0
8618.199999999997,3381.5,128,0,0,78.0,0.0
8656.099999999997,3377.2,128,0,0,78.2,0.0
8693.899999999996,3382.8,128,0,0,78.3,0.0
8731.799999999996,3376.8,128,0,0,78.5,0.0
8769.699999999995,3381.3,128,0,0,78.7,0.0
8807.599999999995,3374.6,128,0,0,78.9,0.0
8845.599999999995,3370.5,128,0,0,79.0,0.0
8883.599999999995,3366.1,128,0,0,79.2,0.0
8921.599999999995,3365.4,128,0,0,79.3,0.0
8959.599999999995,3365.5,128,0,0,79.4,0.0
8997.699999999995,3363.6,128,0,0,79.5,0.0
9035.899999999996,3354.7,128,0,0,79.7,0.0
9074.099999999997,3353.5,128,0,0,79.8,0.0
9112.199999999997,3358.7,128,0,0,79.9,0.0
9150.299999999997,3360.5,128,0,0,80.2,0.0
9188.499999999998,3350.4,128,0,0,80.4,0.0
9226.699999999999,3350.3,128,0,0,80.5,0.0
9264.9,3347.7,128,0,0,80.7,0.0
9303.1,3347.1,128,0,0,80.8,0.0
9341.300000000001,3350.3,128,0,0,80.9,0.0
9379.6,3346.1,128,0,0,81.1,0.0
9417.9,3342.2,128,0,0,81.4,0.0
9456.199999999999,3342.5,128,0,0,81.5,0.0
9494.499999999998,3340.1,128,0,0,81.6,0.0
9532.799999999997,3340.0,128,0,0,81.7,0.0
9571.099999999997,3341.4,128,0,0,81.8,0.0
9609.599999999997,3328.6,128,0,0,82.0,0.0
9647.999999999996,3333.4,128,0,0,82.2,0.0
9686.399999999996,3329.5,128,0,0,82.3,0.0
9724.899999999996,3322.1,128,0,0,82.4,0.0
9763.299999999996,3330.5,128,0,0,82.7,0.0
9801.599999999995,3337.8,128,0,0,82.9,0.0
9840.099999999995,3327.7,128,0,0,83.0,0.0
9878.499999999995,3330.9,128,0,0,83.2,0.0
9916.999999999995,3321.6,128,0,0,83.3,0.0
9955.499999999995,3327.0,128,0,0,83.4,0.0
9993.999999999995,3328.0,128,0,0,83.6,0.0
10032.599999999995,3319.9,128,0,0,83.8,0.0
10071.199999999995,3319.3,128,0,0,84.0,0.0
10109.899999999996,3309.8,128,0,0,84.1,0.0
10148.499999999996,3314.3,128,0,0,84.2,0.0
10187.199999999997,3304.6,128,0,0,84.3,0.0
10225.899999999998,3310.3,128,0,0,84.5,0.0
10264.499999999998,3315.0,128,0,0,84.7,0.0
10303.199999999999,3311.3,128,0,0,84.8,0.0
10341.9,3307.9,128,0,0,84.9,0.0
10380.699999999999,3296.6,128,0,0,85.2,0.0
10419.499999999998,3296.1,128,0,0,85.4,0.0
10458.299999999997,3302.5,128,0,0,85.5,0.0
10497.099999999997,3297.6,128,0,0,85.7,0.0
10536.099999999997,3283.5,128,0,0,85.8,0.0
10574.999999999996,3291.3,128,0,0,85.9,0.0
10613.999999999996,3283.7,128,0,0,86.1,0.0
10652.899999999996,3288.5,128,0,0,86.3,0.0
10691.899999999996,3284.5,128,0,0,86.5,0.0
10730.899999999996,3281.3,128,0,0,86.6,0.0
10769.899999999996,3285.9,128,0,0,86.7,0.0
10808.999999999996,3273.1,128,0,0,86.8,0.0
10848.099999999997,3272.6,128,0,0,87.0,0.0
10887.199999999997,3270.5,128,0,0,87.2,0.0
10926.399999999998,3267.5,128,0,0,87.3,0.0
10965.599999999999,3268.5,128,0,0,87.4,0.0
11004.8,3265.3,128,0,0,87.7,0.0
11044.0,3267.7,128,0,0,87.9,0.0
11083.0,3279.3,128,0,0,88.0,0.0
11122.0,3279.0,128,0,0,88.1,0.0
11161.1,3273.4,128,0,0,88.3,0.0
11200.300000000001,3267.5,128,0,0,88.4,0.0
11357.500000000002,814.1,128,0,0,88.6,0.0
11397.600000000002,3190.3,128,0,0,88.8,0.0
11436.900000000001,3253.8,128,0,0,89.0,0.0
11476.2,3255.3,128,0,0,89.1,0.0
11515.7,3241.6,128,0,0,89.2,0.0
11554.900000000001,3265.6,128,0,0,89.3,0.0
11594.2,3253.1,128,0,0,89.5,0.0
11633.5,3255.4,128,0,0,89.7,0.0
11672.9,3244.7,128,0,0,89.8,0.0
11712.199999999999,3258.3,128,0,0,89.9,0.0
11751.599999999999,3252.3,128,0,0,90.2,0.0
11790.899999999998,3256.2,128,0,0,90.4,0.0
11830.499999999998,3230.8,128,0,0,90.5,0.0
11869.799999999997,3253.0,128,0,0,90.6,0.0
11909.299999999997,3244.4,128,0,0,90.8,0.0
11948.899999999998,3232.9,128,0,0,90.9,0.0
11988.499999999998,3229.7,128,0,0,91.1,0.0
12028.099999999999,3234.0,128,0,0,91.3,0.0
12067.499999999998,3246.2,128,0,0,91.5,0.0
12106.999999999998,3242.8,128,0,0,91.6,0.0
12146.599999999999,3230.8,128,0,0,91.7,0.0
12186.099999999999,3237.7,128,0,0,91.8,0.0
12225.699999999999,3234.6,128,0,0,92.0,0.0
12265.3,3230.7,128,0,0,92.1,0.0
12305.199999999999,3211.6,128,0,0,92.3,0.0
12344.9,3227.1,128,0,0,92.4,0.0
12384.6,3227.1,128,0,0,92.7,0.0
12424.300000000001,3225.6,128,0,0,92.8,0.0
12464.1,3215.3,128,0,0,93.0,0.0
12503.9,3214.1,128,0,0,93.1,0.0
12543.6,3226.1,128,0,0,93.3,0.0
12583.4,3215.1,128,0,0,93.4,0.0
12623.5,3192.6,128,0,0,93.6,0.0
12663.3,3213.1,128,0,0,93.8,0.0
12703.099999999999,3214.5,128,0,0,94.0,0.0
12742.999999999998,3211.8,128,0,0,94.1,0.0
12782.899999999998,3205.5,128,0,0,94.2,0.0
12822.699999999997,3215.8,128,0,0,94.3,0.0
12862.599999999997,3209.8,128,0,0,94.5,0.0
12902.599999999997,3199.4,128,0,0,94.6,0.0
12942.699999999997,3193.9,128,0,0,94.8,0.0
12982.699999999997,3200.9,128,0,0,94.9,0.0
13022.599999999997,3204.5,128,0,0,95.1,0.0
13062.599999999997,3196.3,128,0,0,95.3,0.0
13102.799999999997,3183.7,128,0,0,95.5,0.0
13142.899999999998,3195.6,128,0,0,95.6,0.0
13183.199999999997,3179.9,128,0,0,95.7,0.0
13223.399999999998,3186.3,128,0,0,95.9,0.0
13263.799999999997,3172.0,128,0,0,96.1,0.0
13303.999999999998,3185.8,128,0,0,96.3,0.0
13344.299999999997,3175.9,128,0,0,96.5,0.0
13384.599999999997,3176.5,128,0,0,96.6,0.0
13424.999999999996,3167.0,128,0,0,96.7,0.0
13465.299999999996,3175.8,128,0,0,96.8,0.0
13505.599999999995,3178.0,128,0,0,97.0,0.0
13545.899999999994,3177.7,128,0,0,97.1,0.0
13586.299999999994,3164.8,128,0,0,97.2,0.0
13626.699999999993,3166.0,128,0,0,97.4,0.0
13667.099999999993,3169.6,128,0,0,97.6,0.0
13707.399999999992,3176.9,128,0,0,97.8,0.0
13747.799999999992,3166.1,128,0,0,97.9,0.0
13788.099999999991,3174.3,128,0,0,98.1,0.0
13828.39999999999,3176.2,128,0,0,98.2,0.0
13868.79999999999,3167.5,128,0,0,98.4,0.0
13909.29999999999,3159.1,128,0,0,98.6,0.0
13949.69999999999,3165.7,128,0,0,98.8,0.0
13990.19999999999,3162.2,128,0,0,99.0,0.0
14030.59999999999,3165.2,128,0,0,99.1,0.0
14071.19999999999,3151.9,128,0,0,99.2,0.0
14111.69999999999,3159.1,128,0,0,99.3,0.0
14152.19999999999,3163.6,128,0,0,99.5,0.0
14192.69999999999,3160.1,128,0,0,99.6,0.0
14233.499999999989,3137.7,128,0,0,99.7,0.0
14273.999999999989,3161.4,128,0,0,99.8,0.0
14314.499999999989,3138.1,127,0,1,99.3,0.0
14354.899999999989,3142.7,127,0,1,99.5,0.0
14395.499999999989,3126.1,127,0,1,99.6,0.0
14435.999999999989,3134.8,127,0,1,99.8,0.0
14476.59999999999,3130.1,127,0,1,99.9,0.0
14517.19999999999,3105.9,126,0,2,99.4,0.0
14557.69999999999,3109.0,126,0,2,99.6,0.0
14598.09999999999,3119.8,126,0,2,99.8,0.0
14638.499999999989,3119.7,126,0,2,100.0,0.0
14678.999999999989,3087.0,125,0,3,99.5,0.0
14719.59999999999,3078.2,125,0,3,99.6,0.0
14759.999999999989,3096.2,125,0,3,99.7,0.0
14800.399999999989,3096.2,125,0,3,99.9,0.0
14840.899999999989,3061.2,124,0,4,99.4,0.0
14881.399999999989,3063.1,124,0,4,99.5,0.0
14921.799999999988,3071.8,124,0,4,99.6,0.0
14962.199999999988,3067.6,124,0,4,99.8,0.0
15002.699999999988,3039.3,123,0,5,99.2,0.0
15043.299999999988,3031.2,123,0,5,99.4,0.0
15083.699999999988,3043.7,123,0,5,99.5,0.0
15123.999999999987,3052.2,123,0,5,99.7,0.0
15164.299999999987,3052.6,123,0,5,99.8,0.0
15204.699999999986,3042.0,123,0,5,100.0,0.0
15245.099999999986,3020.6,122,0,6,99.2,0.0
15285.299999999987,3031.3,122,0,6,99.4,0.0
15325.599999999986,3024.4,122,0,6,99.5,0.0
15365.999999999985,3018.4,122,0,6,99.6,0.0
15406.299999999985,3024.9,122,0,6,99.7,0.0
15446.599999999984,3026.8,122,0,6,99.9,0.0
15487.899999999983,2930.6,121,0,7,98.9,0.0
15528.099999999984,3008.7,121,0,7,99.0,0.0
15568.199999999984,3015.7,121,0,7,99.1,0.0
15608.299999999985,3014.5,121,0,7,99.4,0.0
15648.399999999985,3014.7,121,0,7,99.6,0.0
15688.699999999984,2999.4,121,0,7,99.7,0.0
15728.899999999985,3006.8,121,0,7,99.8,0.0
15769.099999999986,3006.8,121,0,7,100.0,0.0
15809.399999999985,2979.6,120,0,8,99.2,0.0
15849.799999999985,2973.8,116,0,8,96.9,0.0
15954.599999999984,15784.800000000001,118,0,6,98.9,0.0
15995.699999999984,2874.3,118,0,6,99.1,0.0
16037.099999999984,2852.4,115,0,6,97.3,0.0
16102.499999999984,11933.8,116,0,5,98.3,0.0
16142.199999999984,2922.8,114,0,5,97.0,0.0
16226.099999999984,13863.5,116,0,3,98.5,0.0
16265.999999999984,2905.6,115,0,3,97.9,0.0
16304.899999999983,12652.400000000001,116,0,2,98.5,0.0
16344.399999999983,2936.0,116,0,2,98.6,0.0
16384.399999999983,2901.2,116,0,2,98.8,0.0
16424.299999999985,2910.9,116,0,2,99.0,0.0
16464.299999999985,2900.1,115,0,2,98.4,0.0
16504.099999999984,2889.3,114,0,2,97.9,0.0
16552.299999999985,10819.9,115,0,1,98.5,0.0
16591.699999999986,2920.4,113,0,1,97.5,0.0
16645.399999999987,12384.0,114,0,0,98.3,0.0
16684.79999999999,2895.0,113,0,0,97.9,0.0
16724.79999999999,2827.1,113,0,0,98.0,0.0
16764.099999999988,2875.9,113,0,0,98.1,0.0
16803.399999999987,2873.4,112,0,0,97.6,0.0
16842.899999999987,2837.0,111,0,0,97.0,0.0
16882.399999999987,2812.8,109,0,0,95.8,0.0
16921.699999999986,2773.8,109,0,0,96.0,0.0
16960.599999999988,2803.7,109,0,0,96.2,0.0
16999.49999999999,2803.9,109,0,0,96.2,0.0
17038.49999999999,2796.9,109,0,0,96.3,0.0
17077.39999999999,2799.6,109,0,0,96.4,0.0
17116.299999999992,2801.4,109,0,0,96.6,0.0
17155.299999999992,2794.1,108,0,0,96.1,0.0
17193.999999999993,2788.6,107,0,0,95.5,0.0
17232.499999999993,2775.8,107,0,0,95.6,0.0
17270.899999999994,2783.6,105,0,0,94.4,0.0
17309.399999999994,2725.9,104,0,0,94.0,0.0
17347.599999999995,2725.4,104,0,0,94.1,0.0
17385.799999999996,2723.8,104,0,0,94.1,0.0
17423.899999999994,2729.2,104,0,0,94.3,0.0
17461.899999999994,2734.1,104,0,0,94.4,0.0
17499.999999999993,2726.8,104,0,0,94.5,0.0
17538.09999999999,2732.7,104,0,0,94.7,0.0
17576.19999999999,2731.2,103,0,0,94.2,0.0
17614.39999999999,2695.1,103,0,0,94.2,0.0
17652.299999999992,2716.7,103,0,0,94.3,0.0
17690.39999999999,2705.3,102,0,0,93.7,0.0
17728.39999999999,2682.3,102,0,0,93.8,0.0
17766.19999999999,2695.5,102,0,0,94.0,0.0
17803.99999999999,2698.0,102,0,0,94.1,0.0
17841.99999999999,2686.3,102,0,0,94.1,0.0
17879.79999999999,2695.3,102,0,0,94.4,0.0
17917.69999999999,2694.2,102,0,0,94.6,0.0
17955.49999999999,2696.6,102,0,0,94.7,0.0
17993.29999999999,2697.3,102,0,0,94.8,0.0
18031.099999999988,2695.3,101,0,0,94.2,0.0
18069.199999999986,2652.7,101,0,0,94.3,0.0
18106.999999999985,2675.2,101,0,0,94.4,0.0
18144.899999999987,2665.5,100,0,0,93.9,0.0
18182.699999999986,2643.5,100,0,0,94.1,0.0
18220.499999999985,2648.2,100,0,0,94.1,0.0
18258.299999999985,2644.9,100,0,0,94.2,0.0
18428.199999999986,588.4,100,0,0,94.3,0.0
18466.999999999985,2578.9,99,0,0,93.7,0.0
18504.999999999985,2602.0,98,0,0,93.1,0.0
18542.599999999984,2607.8,98,0,0,93.2,0.0
18579.999999999985,2623.5,98,0,0,93.3,0.0
18617.499999999985,2614.9,98,0,0,93.5,0.0
18655.499999999985,2582.0,97,0,0,92.9,0.0
18693.299999999985,2569.5,97,0,0,93.0,0.0
18730.799999999985,2589.3,97,0,0,93.1,0.0
18768.199999999986,2593.2,97,0,0,93.3,0.0
18805.599999999988,2592.3,97,0,0,93.4,0.0
18843.099999999988,2587.7,97,0,0,93.5,0.0
18880.79999999999,2573.5,97,0,0,93.7,0.0
18918.399999999987,2582.8,96,0,0,93.0,0.0
18956.099999999988,2546.7,96,0,0,93.1,0.0
18993.599999999988,2557.9,96,0,0,93.2,0.0
19031.099999999988,2558.2,96,0,0,93.2,0.0
19068.599999999988,2560.6,96,0,0,93.4,0.0
19106.29999999999,2548.0,96,0,0,93.5,0.0
19143.79999999999,2557.9,96,0,0,93.6,0.0
19181.29999999999,2557.0,96,0,0,93.7,0.0
19218.899999999987,2556.0,95,0,0,93.1,0.0
19256.499999999985,2527.0,95,0,0,93.3,0.0
19293.899999999987,2538.2,95,0,0,93.4,0.0
19331.499999999985,2524.5,95,0,0,93.5,0.0
19369.099999999984,2529.2,94,0,0,92.8,0.0
19406.599999999984,2509.0,94,0,0,92.9,0.0
19443.999999999985,2515.4,93,0,0,92.3,0.0
19481.399999999987,2488.2,93,0,0,92.4,0.0
19518.599999999988,2502.6,93,0,0,92.6,0.0
19555.99999999999,2487.1,93,0,0,92.7,0.0
19593.19999999999,2502.2,93,0,0,92.7,0.0
19630.39999999999,2501.7,93,0,0,92.8,0.0
19667.59999999999,2502.1,93,0,0,92.9,0.0
19704.799999999992,2503.2,93,0,0,93.0,0.0
19741.89999999999,2504.3,93,0,0,93.1,0.0
19779.19999999999,2490.9,93,0,0,93.2,0.0
19816.39999999999,2501.7,91,0,0,91.8,0.0
19853.799999999992,2433.2,91,0,0,92.0,0.0
19890.799999999992,2462.0,91,0,0,92.1,0.0
19927.89999999999,2454.3,91,0,0,92.2,0.0
19964.99999999999,2455.1,91,0,0,92.3,0.0
20002.29999999999,2440.2,91,0,0,92.4,0.0
20039.399999999987,2451.3,90,0,0,91.7,0.0
20076.599999999988,2421.3,90,0,0,91.9,0.0
20113.599999999988,2431.1,90,0,0,92.0,0.0
20150.49999999999,2437.0,90,0,0,92.1,0.0
20187.49999999999,2429.2,89,0,0,91.3,0.0
20224.79999999999,2389.1,89,0,0,91.4,0.0
20261.49999999999,2422.4,89,0,0,91.5,0.0
20298.39999999999,2410.8,88,0,0,90.8,0.0
20335.39999999999,2381.3,87,0,0,90.1,0.0
20372.09999999999,2370.6,87,0,0,90.1,0.0
20408.69999999999,2379.4,87,0,0,90.3,0.0
20445.39999999999,2368.7,87,0,0,90.5,0.0
20481.99999999999,2378.3,87,0,0,90.6,0.0
20518.49999999999,2384.2,87,0,0,90.7,0.0
20554.99999999999,2382.6,87,0,0,90.8,0.0
20591.599999999988,2378.3,87,0,0,90.9,0.0
20628.199999999986,2375.0,86,0,0,90.1,0.0
20665.099999999988,2332.1,86,0,0,90.3,0.0
20701.599999999988,2357.4,86,0,0,90.4,0.0
20738.099999999988,2357.5,86,0,0,90.5,0.0
20774.599999999988,2358.2,86,0,0,90.5,0.0
20810.99999999999,2360.7,86,0,0,90.6,0.0
20847.39999999999,2360.0,86,0,0,90.7,0.0
20884.09999999999,2345.6,86,0,0,90.9,0.0
20920.499999999993,2359.6,86,0,0,90.9,0.0
20956.899999999994,2362.5,85,0,0,90.1,0.0
20993.499999999993,2324.9,85,0,0,90.3,0.0
21029.899999999994,2333.4,85,0,0,90.5,0.0
21066.299999999996,2336.0,85,0,0,90.6,0.0
21102.899999999994,2323.0,85,0,0,90.7,0.0
21139.299999999996,2336.9,84,0,0,90.0,0.0
21175.699999999997,2310.1,84,0,0,90.1,0.0
21211.799999999996,2324.1,84,0,0,90.2,0.0
21248.099999999995,2317.0,84,0,0,90.3,0.0
21284.299999999996,2317.2,84,0,0,90.4,0.0
21320.699999999997,2306.1,84,0,0,90.5,0.0
21356.899999999998,2320.7,84,0,0,90.5,0.0
21393.1,2318.6,84,0,0,90.6,0.0
21429.3,2317.7,84,0,0,90.7,0.0
21465.6,2316.0,83,0,0,90.0,0.0
21501.899999999998,2285.8,83,0,0,90.1,0.0
21538.199999999997,2285.0,83,0,0,90.1,0.0
21574.299999999996,2297.3,83,0,0,90.3,0.0
21610.399999999994,2297.9,83,0,0,90.5,0.0
21646.599999999995,2294.3,83,0,0,90.6,0.0
21682.699999999993,2300.4,83,0,0,90.6,0.0
21718.799999999992,2301.7,83,0,0,90.7,0.0
21755.09999999999,2288.8,83,0,0,90.8,0.0
21791.19999999999,2301.8,83,0,0,90.9,0.0
21827.29999999999,2300.8,83,0,0,91.1,0.0
21863.399999999987,2298.0,83,0,0,91.2,0.0
21899.499999999985,2299.2,83,0,0,91.3,0.0
21935.699999999986,2295.7,83,0,0,91.3,0.0
21971.999999999985,2286.0,83,0,0,91.3,0.0
22008.199999999986,2293.0,80,0,0,88.7,0.0
22044.399999999987,2210.1,79,0,0,87.9,0.0
22079.999999999985,2218.6,79,0,0,88.0,0.0
22115.399999999987,2232.2,79,0,0,88.1,0.0
22150.899999999987,2223.0,78,0,0,87.3,0.0
22186.499999999985,2192.3,78,0,0,87.5,0.0
22221.799999999985,2210.3,78,0,0,87.6,0.0
22257.299999999985,2196.2,78,0,0,87.7,0.0
22292.699999999986,2202.7,78,0,0,87.8,0.0
22327.999999999985,2206.7,78,0,0,87.8,0.0
22363.599999999984,2193.4,78,0,0,88.0,0.0
22398.999999999985,2202.7,78,0,0,88.1,0.0
22434.399999999987,2200.9,77,0,0,87.3,0.0
22469.999999999985,2163.1,77,0,0,87.4,0.0
22505.399999999987,2173.6,77,0,0,87.4,0.0
22540.999999999985,2163.9,77,0,0,87.4,0.0
22576.699999999986,2158.4,76,0,0,86.5,0.0
22612.399999999987,2128.1,76,0,0,86.7,0.0
22647.79999999999,2149.6,76,0,0,86.8,0.0
22683.19999999999,2144.9,76,0,0,86.8,0.0
22718.69999999999,2141.6,76,0,0,87.0,0.0
22754.09999999999,2146.0,76,0,0,87.2,0.0
22789.799999999992,2131.7,76,0,0,87.3,0.0
22825.199999999993,2147.9,76,0,0,87.3,0.0
22860.599999999995,2144.8,76,0,0,87.4,0.0
22895.899999999994,2151.1,76,0,0,87.5,0.0
22931.099999999995,2157.3,76,0,0,87.6,0.0
22966.299999999996,2162.1,76,0,0,87.7,0.0
23001.499999999996,2159.7,75,0,0,86.9,0.0
23036.899999999998,2118.8,75,0,0,87.0,0.0
23071.999999999996,2137.9,75,0,0,87.0,0.0
23107.099999999995,2139.6,75,0,0,87.0,0.0
23142.099999999995,2142.1,75,0,0,87.1,0.0
23177.099999999995,2141.5,75,0,0,87.2,0.0
23212.399999999994,2125.2,74,0,0,86.3,0.0
23247.499999999993,2106.6,74,0,0,86.4,0.0
23282.499999999993,2114.1,73,0,0,85.6,0.0
23317.59999999999,2082.4,73,0,0,85.7,0.0
23352.39999999999,2096.3,73,0,0,85.8,0.0
23387.299999999992,2094.0,73,0,0,85.9,0.0
23422.199999999993,2089.9,73,0,0,86.0,0.0
23457.099999999995,2092.4,73,0,0,86.0,0.0
23491.999999999996,2091.2,73,0,0,86.2,0.0
23526.899999999998,2094.2,73,0,0,86.3,0.0
23561.8,2092.1,73,0,0,86.4,0.0
23596.7,2094.7,73,0,0,86.5,0.0
23631.8,2078.2,73,0,0,86.5,0.0
23666.7,2092.5,73,0,0,86.5,0.0
23701.600000000002,2092.0,73,0,0,86.5,0.0
23736.500000000004,2092.4,73,0,0,86.7,0.0
23771.400000000005,2090.8,73,0,0,86.7,0.0
23806.400000000005,2088.4,73,0,0,86.8,0.0
23841.400000000005,2087.8,73,0,0,87.0,0.0
23876.400000000005,2087.7,73,0,0,87.2,0.0
23911.200000000004,2094.8,72,0,0,86.2,0.0
23946.300000000003,2053.2,72,0,0,86.3,0.0
23981.100000000002,2070.2,69,0,0,83.3,0.0
24015.800000000003,1989.1,69,0,0,83.4,0.0
24049.800000000003,2028.8,69,0,0,83.5,0.0
24083.9,2024.9,69,0,0,83.7,0.0
24118.0,2025.9,69,0,0,83.8,0.0
24152.1,2026.1,69,0,0,83.8,0.0
24186.1,2026.8,69,0,0,83.8,0.0
24220.199999999997,2022.7,69,0,0,83.9,0.0
24254.299999999996,2021.2,69,0,0,83.9,0.0
24288.499999999996,2019.3,69,0,0,84.1,0.0
24322.699999999997,2018.8,69,0,0,84.1,0.0
24356.799999999996,2021.6,69,0,0,84.2,0.0
24390.899999999994,2023.0,69,0,0,84.3,0.0
24425.099999999995,2018.4,69,0,0,84.4,0.0
24459.399999999994,2012.3,69,0,0,84.5,0.0
24493.699999999993,2013.5,69,0,0,84.6,0.0
24527.899999999994,2019.0,69,0,0,84.7,0.0
24562.099999999995,2016.9,69,0,0,84.8,0.0
24596.299999999996,2020.4,69,0,0,84.9,0.0
24630.599999999995,2013.5,69,0,0,85.0,0.0
24664.799999999996,2015.2,69,0,0,85.1,0.0
24698.999999999996,2017.5,69,0,0,85.2,0.0
24733.299999999996,2014.2,69,0,0,85.2,0.0
24767.499999999996,2019.3,69,0,0,85.2,0.0
24801.799999999996,2012.3,68,0,0,84.2,0.0
24836.099999999995,1983.7,68,0,0,84.4,0.0
24869.999999999996,2003.1,68,0,0,84.4,0.0
24904.099999999995,1994.9,68,0,0,84.5,0.0
24938.099999999995,2000.5,68,0,0,84.6,0.0
24972.099999999995,1999.9,68,0,0,84.7,0.0
25006.199999999993,1995.9,67,0,0,83.8,0.0
25040.399999999994,1959.2,67,0,0,83.8,0.0
25074.399999999994,1972.7,66,0,0,82.8,0.0
25108.399999999994,1942.8,66,0,0,82.9,0.0
25142.099999999995,1958.1,65,0,0,81.9,0.0
25175.899999999994,1921.0,65,0,0,82.1,0.0
25209.399999999994,1942.2,65,0,0,82.2,0.0
25242.899999999994,1938.8,65,0,0,82.3,0.0
25276.499999999993,1933.1,65,0,0,82.3,0.0
25309.999999999993,1937.8,65,0,0,82.3,0.0
25343.499999999993,1938.4,65,0,0,82.3,0.0
25377.199999999993,1930.7,65,0,0,82.5,0.0
25410.899999999994,1931.0,65,0,0,82.5,0.0
25444.399999999994,1938.3,65,0,0,82.6,0.0
25477.999999999993,1934.6,65,0,0,82.7,0.0
25511.59999999999,1934.8,65,0,0,82.8,0.0
25545.19999999999,1933.4,65,0,0,82.9,0.0
25578.89999999999,1928.9,65,0,0,83.0,0.0
25612.59999999999,1931.0,65,0,0,83.0,0.0
25646.19999999999,1932.0,65,0,0,83.1,0.0
25679.99999999999,1924.7,65,0,0,83.2,0.0
25713.69999999999,1928.4,65,0,0,83.3,0.0
25747.39999999999,1929.4,65,0,0,83.4,0.0
25781.09999999999,1927.6,65,0,0,83.5,0.0
25814.89999999999,1925.9,65,0,0,83.5,0.0
25848.69999999999,1921.5,64,0,0,82.4,0.0
25881.79999999999,1931.8,64,0,0,82.5,0.0
25914.599999999988,1951.5,64,0,0,82.6,0.0
25947.49999999999,1947.0,64,0,0,82.7,0.0
25980.39999999999,1943.5,62,0,0,80.5,0.0
26013.49999999999,1874.0,62,0,0,80.6,0.0
26045.99999999999,1910.4,62,0,0,80.8,0.0
26078.49999999999,1910.5,62,0,0,80.8,0.0
26110.99999999999,1907.7,62,0,0,80.9,0.0
26143.599999999988,1902.5,61,0,0,79.8,0.0
26176.29999999999,1867.0,61,0,0,79.8,0.0
26208.69999999999,1882.5,60,0,0,78.8,0.0
26241.19999999999,1843.7,59,0,0,77.8,0.0
26273.59999999999,1823.4,59,0,0,77.9,0.0
26305.69999999999,1838.6,59,0,0,78.0,0.0
26337.79999999999,1840.5,59,0,0,78.0,0.0
26369.899999999987,1838.7,59,0,0,78.1,0.0
26401.899999999987,1842.3,59,0,0,78.1,0.0
26433.999999999985,1836.9,59,0,0,78.2,0.0
26466.099999999984,1835.3,59,0,0,78.3,0.0
26498.099999999984,1842.1,59,0,0,78.3,0.0
26530.199999999983,1838.8,59,0,0,78.4,0.0
26562.29999999998,1837.4,59,0,0,78.5,0.0
26594.49999999998,1832.1,59,0,0,78.6,0.0
26626.699999999983,1833.9,59,0,0,78.6,0.0
26658.79999999998,1838.1,59,0,0,78.7,0.0
26690.99999999998,1835.1,59,0,0,78.7,0.0
26723.199999999983,1833.1,59,0,0,78.8,0.0
26755.49999999998,1829.4,59,0,0,79.0,0.0
26787.699999999983,1834.4,59,0,0,79.1,0.0
26819.899999999983,1834.2,59,0,0,79.2,0.0
26851.99999999998,1837.1,59,0,0,79.2,0.0
26884.09999999998,1837.5,59,0,0,79.2,0.0
26916.29999999998,1832.5,58,0,0,78.1,0.0
26948.79999999998,1786.6,58,0,0,78.2,0.0
26980.99999999998,1801.8,58,0,0,78.3,0.0
27013.09999999998,1805.0,58,0,0,78.3,0.0
27045.19999999998,1804.8,58,0,0,78.4,0.0
27077.299999999977,1808.1,58,0,0,78.5,0.0
27109.499999999978,1801.7,58,0,0,78.6,0.0
27141.599999999977,1805.0,58,0,0,78.6,0.0
27173.799999999977,1798.8,56,0,0,76.3,0.0
27205.899999999976,1743.7,56,0,0,76.3,0.0
27237.599999999977,1765.9,56,0,0,76.4,0.0
27269.199999999975,1771.1,56,0,0,76.6,0.0
27300.899999999976,1767.9,56,0,0,76.7,0.0
27332.599999999977,1768.6,56,0,0,76.7,0.0
27364.199999999975,1773.7,56,0,0,76.7,0.0
27395.799999999974,1771.8,56,0,0,76.8,0.0
27427.499999999975,1768.9,56,0,0,76.8,0.0
27459.099999999973,1770.0,56,0,0,77.0,0.0
27490.69999999997,1772.0,56,0,0,77.0,0.0
27522.29999999997,1769.7,56,0,0,77.0,0.0
27553.99999999997,1768.9,56,0,0,77.1,0.0
27585.69999999997,1765.0,56,0,0,77.2,0.0
27617.599999999973,1756.0,56,0,0,77.3,0.0
27649.399999999972,1762.7,56,0,0,77.3,0.0
27681.19999999997,1761.7,55,0,0,76.1,0.0
27713.099999999973,1724.2,55,0,0,76.2,0.0
27744.799999999974,1735.0,55,0,0,76.3,0.0
27776.399999999972,1741.6,55,0,0,76.4,0.0
27807.99999999997,1741.2,55,0,0,76.6,0.0
27839.59999999997,1739.5,55,0,0,76.6,0.0
27871.199999999968,1739.5,54,0,0,75.4,0.0
27902.699999999968,1714.2,54,0,0,75.4,0.0
27933.89999999997,1729.1,54,0,0,75.5,0.0
27965.09999999997,1729.5,54,0,0,75.6,0.0
27996.699999999968,1710.4,53,0,0,74.4,0.0
28027.999999999967,1695.6,53,0,0,74.5,0.0
28058.89999999997,1716.5,52,0,0,73.3,0.0
28089.89999999997,1679.0,52,0,0,73.4,0.0
28120.59999999997,1694.8,51,0,0,72.3,0.0
28151.39999999997,1655.1,51,0,0,72.3,0.0
28181.89999999997,1671.0,51,0,0,72.3,0.0
28212.39999999997,1671.3,51,0,0,72.4,0.0
28242.999999999967,1669.4,50,0,0,71.2,0.0
28273.699999999968,1629.7,50,0,0,71.3,0.0
28304.09999999997,1644.8,50,0,0,71.4,0.0
28334.49999999997,1645.4,50,0,0,71.5,0.0
28365.19999999997,1630.7,48,0,0,69.0,0.0
28395.79999999997,1569.1,48,0,0,69.1,0.0
28425.79999999997,1602.6,48,0,0,69.1,0.0
28455.89999999997,1596.1,48,0,0,69.2,0.0
28485.89999999997,1601.4,48,0,0,69.2,0.0
28515.999999999967,1594.4,48,0,0,69.3,0.0
28545.999999999967,1598.0,48,0,0,69.3,0.0
28576.099999999966,1595.2,48,0,0,69.4,0.0
28606.299999999967,1589.4,48,0,0,69.5,0.0
28636.399999999965,1593.1,48,0,0,69.5,0.0
28666.599999999966,1587.8,47,0,0,68.3,0.0
28697.099999999966,1539.4,47,0,0,68.3,0.0
28727.499999999967,1546.9,47,0,0,68.4,0.0
28757.699999999968,1556.8,47,0,0,68.5,0.0
28787.89999999997,1555.4,47,0,0,68.6,0.0
28817.999999999967,1559.2,47,0,0,68.7,0.0
28848.199999999968,1558.7,47,0,0,68.7,0.0
28878.39999999997,1554.7,47,0,0,68.7,0.0
28908.499999999967,1559.1,47,0,0,68.7,0.0
28938.599999999966,1559.3,47,0,0,68.9,0.0
28968.799999999967,1558.7,47,0,0,68.9,0.0
28998.899999999965,1560.4,47,0,0,68.9,0.0
29029.099999999966,1554.4,47,0,0,69.0,0.0
29059.299999999967,1558.0,47,0,0,69.1,0.0
29089.599999999966,1551.5,47,0,0,69.1,0.0
29119.799999999967,1558.4,47,0,0,69.2,0.0
29149.899999999965,1559.2,47,0,0,69.2,0.0
29179.999999999964,1559.2,47,0,0,69.2,0.0
29210.199999999964,1556.0,47,0,0,69.3,0.0
29240.399999999965,1556.6,47,0,0,69.4,0.0
29270.599999999966,1557.2,47,0,0,69.5,0.0
29300.799999999967,1557.4,47,0,0,69.6,0.0
29330.999999999967,1555.9,47,0,0,69.6,0.0
29361.199999999968,1554.3,47,0,0,69.6,0.0
29391.499999999967,1550.4,46,0,0,68.4,0.0
29421.999999999967,1507.5,46,0,0,68.4,0.0
29452.199999999968,1521.7,46,0,0,68.5,0.0
29482.299999999967,1528.6,46,0,0,68.5,0.0
29512.499999999967,1524.6,46,0,0,68.5,0.0
29542.799999999967,1519.8,46,0,0,68.7,0.0
29573.099999999966,1516.8,46,0,0,68.7,0.0
29603.299999999967,1521.1,46,0,0,68.8,0.0
29633.599999999966,1517.9,46,0,0,68.8,0.0
29663.899999999965,1519.0,46,0,0,68.8,0.0
29694.199999999964,1519.1,46,0,0,68.9,0.0
29724.599999999966,1515.0,46,0,0,69.0,0.0
29754.899999999965,1519.3,46,0,0,69.1,0.0
29785.299999999967,1513.8,46,0,0,69.2,0.0
29815.699999999968,1512.4,46,0,0,69.2,0.0
29845.999999999967,1520.3,46,0,0,69.2,0.0
29876.299999999967,1518.4,46,0,0,69.2,0.0
29906.599999999966,1517.7,46,0,0,69.3,0.0
29936.899999999965,1517.7,46,0,0,69.4,0.0
29967.099999999966,1520.8,46,0,0,69.4,0.0
29997.399999999965,1520.4,46,0,0,69.4,0.0
30027.699999999964,1519.9,46,0,0,69.6,0.0
30057.899999999965,1521.5,46,0,0,69.6,0.0
30088.199999999964,1518.1,46,0,0,69.7,0.0
30118.499999999964,1517.9,45,0,0,68.3,0.0
30148.899999999965,1477.9,45,0,0,68.4,0.0
30179.099999999966,1492.4,45,0,0,68.4,0.0
30209.199999999964,1492.7,45,0,0,68.5,0.0
30239.399999999965,1491.5,45,0,0,68.6,0.0
30269.599999999966,1488.6,45,0,0,68.7,0.0
30299.799999999967,1492.0,45,0,0,68.7,0.0
30329.999999999967,1488.8,45,0,0,68.7,0.0
30360.39999999997,1482.4,44,0,0,67.4,0.0
30390.699999999968,1450.3,44,0,0,67.5,0.0
30420.799999999967,1463.1,44,0,0,67.5,0.0
30450.799999999967,1468.0,44,0,0,67.6,0.0
30480.799999999967,1467.2,44,0,0,67.6,0.0
30510.799999999967,1464.8,44,0,0,67.7,0.0
30540.999999999967,1457.5,44,0,0,67.7,0.0
30570.999999999967,1464.9,44,0,0,67.8,0.0
30601.099999999966,1460.1,44,0,0,67.8,0.0
30631.099999999966,1465.1,44,0,0,67.8,0.0
30661.199999999964,1464.1,44,0,0,67.9,0.0
30691.299999999963,1463.7,44,0,0,68.0,0.0
30721.39999999996,1461.8,43,0,0,66.7,0.0
30751.599999999962,1422.0,43,0,0,66.8,0.0
30781.599999999962,1435.5,43,0,0,66.8,0.0
30811.39999999996,1442.2,43,0,0,66.8,0.0
30842.599999999962,1376.7,43,0,0,66.9,0.0
30872.499999999964,1439.7,43,0,0,67.0,0.0
30902.399999999965,1435.7,43,0,0,67.0,0.0
30932.299999999967,1437.7,43,0,0,67.0,0.0
30962.299999999967,1435.5,43,0,0,67.0,0.0
30992.099999999966,1441.0,43,0,0,67.1,0.0
31022.099999999966,1432.6,43,0,0,67.2,0.0
31052.099999999966,1433.8,43,0,0,67.2,0.0
31082.399999999965,1421.2,42,0,0,65.9,0.0
31112.599999999966,1392.3,42,0,0,66.0,0.0
31142.499999999967,1405.4,42,0,0,66.1,0.0
31172.199999999968,1411.8,42,0,0,66.2,0.0
31201.999999999967,1410.3,42,0,0,66.3,0.0
31231.799999999967,1410.9,42,0,0,66.3,0.0
31261.699999999968,1406.9,42,0,0,66.3,0.0
31291.59999999997,1406.0,42,0,0,66.3,0.0
31321.49999999997,1405.7,42,0,0,66.4,0.0
31351.29999999997,1409.3,42,0,0,66.4,0.0
31381.19999999997,1403.7,42,0,0,66.5,0.0
31410.99999999997,1410.8,42,0,0,66.5,0.0
31440.99999999997,1402.2,42,0,0,66.5,0.0
31470.79999999997,1407.3,42,0,0,66.6,0.0
31500.69999999997,1404.9,42,0,0,66.7,0.0
31530.49999999997,1409.4,42,0,0,66.7,0.0
31560.49999999997,1399.7,42,0,0,66.7,0.0
31590.29999999997,1407.6,42,0,0,66.8,0.0
31620.29999999997,1398.1,40,0,0,64.0,0.0
31647.29999999997,1484.2,40,0,0,64.1,0.0
31673.69999999997,1515.4,40,0,0,64.2,0.0
31699.99999999997,1518.7,39,0,0,62.7,0.0
31726.59999999997,1468.6,38,0,0,61.3,0.0
31752.99999999997,1438.7,38,0,0,61.3,0.0
31779.09999999997,1458.5,37,0,0,59.9,0.0
31805.29999999997,1412.6,37,0,0,60.0,0.0
31831.19999999997,1427.5,37,0,0,60.0,0.0
31857.29999999997,1419.8,37,0,0,60.0,0.0
31883.19999999997,1431.3,37,0,0,60.1,0.0
31909.099999999973,1428.1,37,0,0,60.2,0.0
31935.299999999974,1412.6,37,0,0,60.2,0.0
31961.199999999975,1429.5,36,0,0,58.8,0.0
31987.199999999975,1384.3,36,0,0,58.8,0.0
32012.899999999976,1400.0,36,0,0,58.8,0.0
32038.699999999975,1396.1,36,0,0,58.9,0.0
32064.499999999975,1395.9,36,0,0,58.9,0.0
32090.199999999975,1399.4,36,0,0,59.0,0.0
32115.999999999975,1395.7,36,0,0,59.1,0.0
32141.699999999975,1399.7,36,0,0,59.1,0.0
32167.399999999976,1398.3,36,0,0,59.1,0.0
32193.199999999975,1393.0,36,0,0,59.1,0.0
32218.999999999975,1395.7,36,0,0,59.2,0.0
32244.699999999975,1400.0,36,0,0,59.3,0.0
32270.499999999975,1395.5,36,0,0,59.3,0.0
32296.199999999975,1398.5,36,0,0,59.3,0.0
32321.899999999976,1398.4,36,0,0,59.4,0.0
32347.799999999977,1391.7,36,0,0,59.4,0.0
32373.599999999977,1393.8,36,0,0,59.5,0.0
32399.399999999976,1395.7,36,0,0,59.5,0.0
32425.299999999977,1391.5,36,0,0,59.5,0.0
32451.099999999977,1395.3,36,0,0,59.6,0.0
32476.999999999978,1390.2,36,0,0,59.6,0.0
32502.89999999998,1387.6,36,0,0,59.7,0.0
32528.79999999998,1392.3,35,0,0,58.2,0.0
32554.89999999998,1343.1,35,0,0,58.2,0.0
32580.69999999998,1359.0,35,0,0,58.3,0.0
32606.39999999998,1361.2,35,0,0,58.3,0.0
32632.29999999998,1353.2,35,0,0,58.4,0.0
32658.09999999998,1357.6,35,0,0,58.4,0.0
32683.89999999998,1357.4,35,0,0,58.5,0.0
32709.59999999998,1359.4,35,0,0,58.5,0.0
32735.49999999998,1352.5,35,0,0,58.6,0.0
32761.29999999998,1359.0,35,0,0,58.6,0.0
32786.99999999998,1359.4,35,0,0,58.7,0.0
32812.79999999998,1356.3,35,0,0,58.7,0.0
32838.69999999998,1353.9,35,0,0,58.7,0.0
32864.39999999998,1360.2,35,0,0,58.7,0.0
32890.19999999998,1358.3,35,0,0,58.8,0.0
32916.099999999984,1352.5,35,0,0,58.9,0.0
32941.999999999985,1351.3,35,0,0,58.9,0.0
32967.79999999999,1356.9,35,0,0,58.9,0.0
32993.59999999999,1354.0,34,0,0,57.4,0.0
33019.69999999999,1304.8,34,0,0,57.5,0.0
33045.39999999999,1324.4,34,0,0,57.5,0.0
33071.099999999984,1325.2,34,0,0,57.6,0.0
33097.19999999998,1302.3,34,0,0,57.6,0.0
33122.89999999998,1325.2,34,0,0,57.6,0.0
33148.59999999998,1321.6,34,0,0,57.7,0.0
33174.39999999998,1320.2,34,0,0,57.8,0.0
33200.29999999998,1312.9,34,0,0,57.8,0.0
33225.99999999998,1321.8,34,0,0,57.8,0.0
33251.79999999998,1317.7,34,0,0,57.8,0.0
33277.599999999984,1320.2,34,0,0,57.9,0.0
33303.499999999985,1313.2,33,0,0,56.3,0.0
33329.499999999985,1267.9,33,0,0,56.4,0.0
33355.099999999984,1287.5,33,0,0,56.5,0.0
33380.79999999998,1284.7,33,0,0,56.5,0.0
33406.599999999984,1280.7,33,0,0,56.5,0.0
33432.19999999998,1287.0,33,0,0,56.6,0.0
33457.89999999998,1286.5,33,0,0,56.6,0.0
33483.49999999998,1287.7,33,0,0,56.6,0.0
33509.199999999975,1283.7,33,0,0,56.7,0.0
33534.89999999997,1282.9,33,0,0,56.7,0.0
33560.49999999997,1289.0,33,0,0,56.8,0.0
33586.19999999997,1285.9,33,0,0,56.8,0.0
33611.899999999965,1283.5,33,0,0,56.9,0.0
33637.49999999996,1287.4,33,0,0,56.9,0.0
33663.19999999996,1285.9,33,0,0,56.9,0.0
33688.89999999996,1284.8,33,0,0,57.0,0.0
33714.599999999955,1281.7,33,0,0,57.0,0.0
33740.19999999995,1287.0,33,0,0,57.1,0.0
33765.79999999995,1288.9,33,0,0,57.1,0.0
33791.39999999995,1286.7,33,0,0,57.1,0.0
33817.19999999995,1280.2,33,0,0,57.2,0.0
33842.89999999995,1283.5,33,0,0,57.2,0.0
33868.59999999995,1282.9,33,0,0,57.3,0.0
33894.299999999945,1284.5,33,0,0,57.3,0.0
33920.09999999995,1278.7,33,0,0,57.3,0.0
33945.799999999945,1285.1,33,0,0,57.3,0.0
33971.49999999994,1282.2,33,0,0,57.4,0.0
33997.299999999945,1281.2,33,0,0,57.5,0.0
34023.09999999995,1276.8,33,0,0,57.5,0.0
34048.89999999995,1279.2,33,0,0,57.5,0.0
34074.69999999995,1281.5,33,0,0,57.6,0.0
34100.499999999956,1278.7,33,0,0,57.6,0.0
34126.39999999996,1274.5,33,0,0,57.6,0.0
34152.19999999996,1281.5,33,0,0,57.7,0.0
34177.99999999996,1277.7,32,0,0,56.1,0.0
34204.69999999996,1198.6,32,0,0,56.1,0.0
34231.09999999996,1213.4,32,0,0,56.2,0.0
34257.49999999996,1213.3,32,0,0,56.2,0.0
34283.899999999965,1213.5,32,0,0,56.3,0.0
34310.29999999997,1210.7,32,0,0,56.3,0.0
34336.69999999997,1212.8,32,0,0,56.3,0.0
34363.09999999997,1210.0,32,0,0,56.3,0.0
34389.49999999997,1214.2,32,0,0,56.4,0.0
34416.299999999974,1191.9,32,0,0,56.5,0.0
34442.59999999998,1216.0,31,0,0,54.9,0.0
34469.299999999974,1161.5,31,0,0,54.9,0.0
34495.49999999997,1181.5,31,0,0,54.9,0.0
34521.69999999997,1181.6,31,0,0,54.9,0.0
34547.99999999997,1178.9,31,0,0,55.0,0.0
34574.49999999997,1171.3,31,0,0,55.1,0.0
34600.799999999974,1180.4,31,0,0,55.1,0.0
34626.99999999997,1182.1,31,0,0,55.1,0.0
34653.299999999974,1179.2,31,0,0,55.1,0.0
34679.59999999998,1178.6,31,0,0,55.2,0.0
34706.09999999998,1171.7,31,0,0,55.2,0.0
34732.49999999998,1175.5,31,0,0,55.3,0.0
34758.79999999998,1177.6,30,0,0,53.6,0.0
34785.099999999984,1138.9,30,0,0,53.6,0.0
34811.19999999998,1150.7,30,0,0,53.7,0.0
34837.29999999998,1148.1,30,0,0,53.8,0.0
34863.49999999998,1146.5,30,0,0,53.8,0.0
34889.59999999998,1149.2,30,0,0,53.8,0.0
34915.59999999998,1155.9,30,0,0,53.8,0.0
34941.699999999975,1149.7,30,0,0,53.9,0.0
34967.699999999975,1153.6,30,0,0,53.9,0.0
34993.799999999974,1148.3,29,0,0,52.3,0.0
35019.89999999997,1112.4,29,0,0,52.3,0.0
35045.59999999997,1130.4,29,0,0,52.3,0.0
35071.29999999997,1128.8,29,0,0,52.4,0.0
35096.99999999996,1128.6,29,0,0,52.4,0.0
35122.69999999996,1130.0,29,0,0,52.4,0.0
35148.49999999996,1122.9,28,0,0,50.8,0.0
35174.399999999965,1082.4,27,0,0,49.1,0.0
35198.79999999997,1105.8,27,0,0,49.2,0.0
35222.79999999997,1127.2,27,0,0,49.2,0.0
35246.79999999997,1125.4,26,0,0,47.6,0.0
35270.99999999996,1074.5,26,0,0,47.6,0.0
35294.899999999965,1089.9,25,0,0,45.9,0.0
35318.99999999996,1037.2,25,0,0,45.9,0.0
35342.69999999996,1055.9,25,0,0,45.9,0.0
35366.39999999996,1054.3,25,0,0,46.0,0.0
35390.099999999955,1054.0,25,0,0,46.1,0.0
35413.79999999995,1056.0,25,0,0,46.1,0.0
35437.49999999995,1052.8,25,0,0,46.1,0.0
35461.199999999946,1054.5,25,0,0,46.1,0.0
35485.09999999995,1046.8,24,0,0,44.4,0.0
35509.199999999946,997.6,24,0,0,44.5,0.0
35532.699999999946,1019.2,24,0,0,44.5,0.0
35556.299999999945,1018.4,24,0,0,44.5,0.0
35579.89999999994,1016.1,24,0,0,44.5,0.0
35603.49999999994,1017.8,24,0,0,44.6,0.0
35627.09999999994,1017.6,24,0,0,44.6,0.0
35650.79999999994,1014.4,24,0,0,44.7,0.0
35674.499999999935,1011.8,24,0,0,44.7,0.0
35698.09999999993,1015.8,24,0,0,44.7,0.0
35721.79999999993,1013.6,22,0,0,41.2,0.0
35745.89999999993,912.9,22,0,0,41.3,0.0
35769.19999999993,942.3,22,0,0,41.3,0.0
35792.59999999993,941.1,22,0,0,41.3,0.0
35815.899999999936,943.9,22,0,0,41.3,0.0
35839.29999999994,942.1,22,0,0,41.4,0.0
35862.69999999994,939.3,22,0,0,41.4,0.0
35885.99999999994,943.4,22,0,0,41.4,0.0
35909.299999999945,943.0,22,0,0,41.5,0.0
35932.699999999946,938.8,22,0,0,41.5,0.0
35956.59999999995,922.2,22,0,0,41.5,0.0
35979.99999999995,941.5,22,0,0,41.6,0.0
36003.39999999995,942.1,22,0,0,41.6,0.0
36026.69999999995,942.3,22,0,0,41.6,0.0
36050.099999999955,942.1,22,0,0,41.6,0.0
36073.499999999956,942.0,22,0,0,41.7,0.0
36096.79999999996,943.2,22,0,0,41.7,0.0
36120.19999999996,940.1,22,0,0,41.7,0.0
36143.59999999996,939.7,22,0,0,41.7,0.0
36167.09999999996,936.8,22,0,0,41.8,0.0
36190.49999999996,939.7,22,0,0,41.8,0.0
36213.899999999965,941.4,22,0,0,41.8,0.0
36237.29999999997,939.2,22,0,0,41.8,0.0
36260.79999999997,936.5,22,0,0,41.9,0.0
36284.19999999997,939.0,22,0,0,41.9,0.0
36307.59999999997,939.3,22,0,0,41.9,0.0
36330.99999999997,941.0,22,0,0,41.9,0.0
36354.49999999997,938.1,22,0,0,42.0,0.0
36378.09999999997,932.8,22,0,0,42.0,0.0
36401.59999999997,936.6,22,0,0,42.0,0.0
36425.09999999997,937.8,22,0,0,42.0,0.0
36448.59999999997,936.0,21,0,0,40.3,0.0
36472.29999999997,885.3,21,0,0,40.3,0.0
36495.59999999997,900.5,21,0,0,40.3,0.0
36518.99999999997,897.0,21,0,0,40.4,0.0
36542.39999999997,897.6,21,0,0,40.4,0.0
36565.699999999975,900.1,21,0,0,40.4,0.0
36589.09999999998,898.4,21,0,0,40.4,0.0
36612.39999999998,899.6,21,0,0,40.4,0.0
36635.69999999998,900.7,21,0,0,40.5,0.0
36659.099999999984,899.0,21,0,0,40.5,0.0
36682.499999999985,897.2,21,0,0,40.5,0.0
36705.79999999999,899.6,21,0,0,40.6,0.0
36729.09999999999,900.4,21,0,0,40.6,0.0
36752.399999999994,900.9,21,0,0,40.6,0.0
36775.7,899.7,21,0,0,40.7,0.0
36799.1,899.3,21,0,0,40.7,0.0
36822.4,900.6,21,0,0,40.7,0.0
36845.700000000004,900.7,21,0,0,40.7,0.0
36869.00000000001,900.6,21,0,0,40.7,0.0
36892.40000000001,898.1,21,0,0,40.8,0.0
36915.80000000001,896.1,21,0,0,40.8,0.0
36939.10000000001,899.6,20,0,0,39.0,0.0
36962.70000000001,848.4,20,0,0,39.0,0.0
36985.80000000001,866.7,20,0,0,39.0,0.0
37008.90000000001,866.1,20,0,0,39.0,0.0
37032.00000000001,865.1,20,0,0,39.1,0.0
37055.100000000006,864.1,20,0,0,39.1,0.0
37078.200000000004,864.0,20,0,0,39.1,0.0
37101.3,864.3,20,0,0,39.2,0.0
37124.5,862.9,20,0,0,39.2,0.0
37147.6,864.1,20,0,0,39.2,0.0
37170.799999999996,863.4,20,0,0,39.2,0.0
37194.49999999999,845.3,20,0,0,39.3,0.0
37217.49999999999,868.4,20,0,0,39.3,0.0
37240.59999999999,866.5,20,0,0,39.3,0.0
37263.59999999999,868.6,20,0,0,39.3,0.0
37286.59999999999,868.6,20,0,0,39.4,0.0
37309.69999999999,865.3,20,0,0,39.4,0.0
37332.79999999999,865.8,20,0,0,39.4,0.0
37355.89999999999,866.5,20,0,0,39.4,0.0
37378.999999999985,866.8,20,0,0,39.4,0.0
37402.099999999984,866.3,20,0,0,39.5,0.0
37425.099999999984,869.9,20,0,0,39.5,0.0
37448.29999999998,862.8,20,0,0,39.5,0.0
37471.29999999998,869.3,20,0,0,39.6,0.0
37494.29999999998,867.8,20,0,0,39.6,0.0
37517.29999999998,867.7,20,0,0,39.6,0.0
37540.39999999998,864.2,20,0,0,39.6,0.0
37563.49999999998,866.5,20,0,0,39.7,0.0
37586.59999999998,865.8,20,0,0,39.7,0.0
37609.699999999975,867.1,20,0,0,39.7,0.0
37632.699999999975,867.8,20,0,0,39.7,0.0
37655.99999999998,858.0,20,0,0,39.8,0.0
37679.29999999998,860.1,20,0,0,39.8,0.0
37702.69999999998,854.9,20,0,0,39.8,0.0
37725.999999999985,857.1,20,0,0,39.8,0.0
37749.29999999999,858.9,20,0,0,39.8,0.0
37772.59999999999,858.6,20,0,0,39.9,0.0
37795.899999999994,856.9,20,0,0,39.9,0.0
37819.2,857.2,20,0,0,39.9,0.0
37842.6,856.1,20,0,0,39.9,0.0
37866.0,856.0,20,0,0,40.0,0.0
37889.4,854.6,20,0,0,40.0,0.0
37912.700000000004,857.9,20,0,0,40.0,0.0
37936.00000000001,857.3,20,0,0,40.0,0.0
37959.50000000001,852.7,20,0,0,40.0,0.0
37982.90000000001,855.0,20,0,0,40.1,0.0
38006.30000000001,854.5,20,0,0,40.1,0.0
38029.70000000001,856.3,20,0,0,40.1,0.0
38053.10000000001,856.1,20,0,0,40.1,0.0
38076.400000000016,857.5,20,0,0,40.2,0.0
38099.80000000002,853.8,20,0,0,40.2,0.0
38123.20000000002,854.3,20,0,0,40.2,0.0
38146.60000000002,856.1,20,0,0,40.2,0.0
38170.00000000002,854.8,20,0,0,40.3,0.0
38193.40000000002,856.0,20,0,0,40.3,0.0
38216.800000000025,856.3,20,0,0,40.3,0.0
38240.200000000026,854.5,20,0,0,40.4,0.0
38263.50000000003,856.7,20,0,0,40.4,0.0
38286.90000000003,854.8,20,0,0,40.4,0.0
38310.30000000003,854.9,20,0,0,40.4,0.0
38333.600000000035,857.1,20,0,0,40.4,0.0
38357.00000000004,856.2,20,0,0,40.5,0.0
38380.50000000004,851.5,20,0,0,40.5,0.0
38403.90000000004,853.0,20,0,0,40.5,0.0
38427.30000000004,855.1,20,0,0,40.5,0.0
38450.60000000004,856.9,20,0,0,40.6,0.0
38474.10000000004,851.8,20,0,0,40.6,0.0
38497.500000000044,854.8,20,0,0,40.6,0.0
38521.000000000044,852.0,20,0,0,40.6,0.0
38544.400000000045,854.9,20,0,0,40.6,0.0
38567.80000000005,856.0,20,0,0,40.7,0.0
38591.000000000044,861.1,20,0,0,40.7,0.0
38614.400000000045,856.3,20,0,0,40.8,0.0
38637.70000000005,857.3,20,0,0,40.8,0.0
38661.10000000005,853.2,19,0,0,38.8,0.0
38684.50000000005,810.7,19,0,0,38.9,0.0
38707.50000000005,827.5,19,0,0,38.9,0.0
38730.40000000005,828.7,19,0,0,38.9,0.0
38753.40000000005,827.2,19,0,0,38.9,0.0
38776.40000000005,826.4,19,0,0,38.9,0.0
38799.300000000054,827.9,19,0,0,38.9,0.0
38822.200000000055,829.3,19,0,0,39.0,0.0
38845.10000000006,830.9,19,0,0,39.0,0.0
38868.00000000006,830.2,19,0,0,39.0,0.0
38890.90000000006,829.8,19,0,0,39.0,0.0
38913.80000000006,829.3,19,0,0,39.1,0.0
38936.90000000006,823.6,19,0,0,39.1,0.0
38959.70000000006,833.9,19,0,0,39.1,0.0
38982.600000000064,829.9,18,0,0,37.2,0.0
39005.70000000006,778.0,18,0,0,37.2,0.0
39028.40000000006,794.6,18,0,0,37.2,0.0
39051.30000000006,787.4,18,0,0,37.2,0.0
39074.20000000006,784.8,18,0,0,37.2,0.0
39097.100000000064,786.5,18,0,0,37.2,0.0
39120.000000000065,784.8,17,0,0,35.3,0.0
39143.000000000065,739.3,17,0,0,35.3,0.0
39165.600000000064,753.8,17,0,0,35.3,0.0
39188.20000000006,753.7,17,0,0,35.3,0.0
39210.70000000006,755.1,17,0,0,35.3,0.0
39233.20000000006,754.4,17,0,0,35.4,0.0
39255.70000000006,754.2,17,0,0,35.4,0.0
39278.30000000006,752.0,17,0,0,35.4,0.0
39300.90000000006,752.0,16,0,0,33.4,0.0
39322.70000000006,734.7,16,0,0,33.5,0.0
39344.100000000064,748.7,16,0,0,33.5,0.0
39365.40000000007,750.5,16,0,0,33.5,0.0
39386.70000000007,750.1,16,0,0,33.5,0.0
39408.10000000007,747.0,16,0,0,33.5,0.0
39429.50000000007,746.1,16,0,0,33.5,0.0
39450.800000000076,750.0,16,0,0,33.6,0.0
39472.10000000008,749.7,16,0,0,33.6,0.0
39493.40000000008,749.6,16,0,0,33.6,0.0
39514.700000000084,749.8,16,0,0,33.6,0.0
39536.100000000086,747.7,16,0,0,33.6,0.0
39557.40000000009,749.7,16,0,0,33.6,0.0
39578.70000000009,750.9,16,0,0,33.7,0.0
39600.10000000009,746.9,16,0,0,33.7,0.0
39621.60000000009,744.8,16,0,0,33.7,0.0
39643.000000000095,748.6,16,0,0,33.7,0.0
39664.400000000096,749.0,16,0,0,33.8,0.0
39685.7000000001,750.0,16,0,0,33.8,0.0
39707.0000000001,750.7,16,0,0,33.8,0.0
39728.300000000105,750.1,16,0,0,33.8,0.0
39749.60000000011,750.9,16,0,0,33.8,0.0
39771.00000000011,747.6,16,0,0,33.8,0.0
39792.40000000011,746.7,16,0,0,33.9,0.0
39813.80000000011,749.4,16,0,0,33.9,0.0
39835.100000000115,749.8,16,0,0,33.9,0.0
39856.40000000012,749.8,16,0,0,33.9,0.0
39877.70000000012,750.2,16,0,0,33.9,0.0
39899.000000000124,751.9,16,0,0,33.9,0.0
39920.500000000124,744.2,16,0,0,34.0,0.0
39941.900000000125,748.4,16,0,0,34.0,0.0
39963.30000000013,748.8,16,0,0,34.0,0.0
39984.70000000013,748.7,16,0,0,34.0,0.0
40006.10000000013,749.1,16,0,0,34.1,0.0
40027.50000000013,746.5,16,0,0,34.1,0.0
40048.90000000013,746.7,16,0,0,34.1,0.0
40070.300000000134,746.7,15,0,0,32.0,0.0
40092.10000000014,689.3,15,0,0,32.1,0.0
40113.40000000014,705.2,15,0,0,32.1,0.0
40134.60000000014,706.1,14,0,0,30.0,0.0
40156.200000000135,648.0,14,0,0,30.0,0.0
40177.200000000135,667.2,14,0,0,30.0,0.0
40198.200000000135,666.0,14,0,0,30.0,0.0
40219.200000000135,666.0,14,0,0,30.0,0.0
40240.200000000135,665.5,14,0,0,30.1,0.0
40261.300000000134,664.7,13,0,0,28.0,0.0
40281.00000000013,658.9,13,0,0,28.0,0.0
40300.20000000013,677.0,13,0,0,28.0,0.0
40319.400000000125,676.9,13,0,0,28.1,0.0
40338.60000000012,677.2,13,0,0,28.1,0.0
40357.80000000012,676.9,13,0,0,28.1,0.0
40377.10000000012,674.5,13,0,0,28.1,0.0
40396.30000000012,677.3,13,0,0,28.1,0.0
40415.50000000012,675.8,13,0,0,28.2,0.0
40434.70000000011,676.0,13,0,0,28.2,0.0
40454.00000000012,674.2,12,0,0,26.0,0.0
40473.600000000115,612.7,12,0,0,26.1,0.0
40492.70000000011,627.5,12,0,0,26.1,0.0
40511.80000000011,628.4,12,0,0,26.1,0.0
40530.90000000011,629.8,12,0,0,26.1,0.0
40550.00000000011,629.3,12,0,0,26.1,0.0
40569.10000000011,628.0,11,0,0,24.0,0.0
40588.50000000011,567.5,11,0,0,24.0,0.0
40607.50000000011,580.0,11,0,0,24.0,0.0
40626.40000000011,582.8,11,0,0,24.0,0.0
40645.40000000011,579.1,11,0,0,24.1,0.0
40664.40000000011,580.1,11,0,0,24.1,0.0
40683.30000000011,581.8,11,0,0,24.1,0.0
40702.20000000011,580.8,11,0,0,24.1,0.0
40721.20000000011,578.0,11,0,0,24.1,0.0
40740.20000000011,580.2,11,0,0,24.1,0.0
40759.100000000115,580.9,11,0,0,24.1,0.0
40778.100000000115,579.5,11,0,0,24.2,0.0
40797.100000000115,579.2,11,0,0,24.2,0.0
40816.100000000115,577.6,10,0,0,22.0,0.0
40835.100000000115,525.6,10,0,0,22.0,0.0
40853.600000000115,539.8,10,0,0,22.0,0.0
40872.100000000115,539.9,10,0,0,22.0,0.0
40890.70000000011,538.1,10,0,0,22.1,0.0
40909.30000000011,537.8,9,0,0,19.9,0.0
40928.30000000011,474.0,9,0,0,19.9,0.0
40946.70000000011,488.9,9,0,0,20.0,0.0
40965.100000000115,488.8,9,0,0,20.0,0.0
40983.50000000012,489.1,9,0,0,20.0,0.0
41001.90000000012,487.9,9,0,0,20.0,0.0
41020.30000000012,488.8,9,0,0,20.0,0.0
41038.80000000012,487.7,9,0,0,20.0,0.0
41057.30000000012,487.5,9,0,0,20.0,0.0
41075.80000000012,487.5,8,0,0,17.8,0.0
41094.50000000012,427.4,8,0,0,17.9,0.0
41112.80000000012,437.7,8,0,0,17.9,0.0
41131.10000000012,437.7,8,0,0,17.9,0.0
41149.400000000125,436.4,8,0,0,17.9,0.0
41167.70000000013,438.0,8,0,0,17.9,0.0
41186.00000000013,438.1,8,0,0,17.9,0.0
41204.300000000134,437.0,8,0,0,17.9,0.0
41222.60000000014,436.8,8,0,0,17.9,0.0
41240.90000000014,436.9,8,0,0,18.0,0.0
41259.10000000014,438.5,8,0,0,18.0,0.0
41277.40000000014,438.0,8,0,0,18.0,0.0
41295.70000000014,436.7,8,0,0,18.0,0.0
41314.000000000146,437.1,8,0,0,18.0,0.0
41332.30000000015,437.4,8,0,0,18.0,0.0
41350.60000000015,437.0,8,0,0,18.0,0.0
41368.900000000154,437.1,8,0,0,18.0,0.0
41387.20000000016,438.0,8,0,0,18.0,0.0
41405.400000000154,439.1,8,0,0,18.0,0.0
41423.800000000156,436.0,7,0,0,15.8,0.0
41442.400000000154,376.2,7,0,0,15.8,0.0
41460.50000000015,385.8,7,0,0,15.8,0.0
41478.60000000015,386.6,7,0,0,15.8,0.0
41496.70000000015,386.8,7,0,0,15.8,0.0
41514.90000000015,385.4,7,0,0,15.8,0.0
41533.000000000146,385.7,7,0,0,15.9,0.0
41551.100000000144,386.4,7,0,0,15.9,0.0
41569.30000000014,384.8,7,0,0,15.9,0.0
41587.50000000014,385.0,7,0,0,15.9,0.0
41605.700000000135,385.7,7,0,0,15.9,0.0
41623.800000000134,386.4,7,0,0,15.9,0.0
41641.90000000013,387.1,7,0,0,15.9,0.0
41660.10000000013,385.1,7,0,0,15.9,0.0
41678.20000000013,385.7,7,0,0,15.9,0.0
41696.30000000013,385.8,7,0,0,15.9,0.0
41714.400000000125,385.8,7,0,0,15.9,0.0
41732.500000000124,385.9,7,0,0,15.9,0.0
41750.70000000012,385.6,7,0,0,16.0,0.0
41768.90000000012,384.2,7,0,0,16.0,0.0
41787.100000000115,385.6,7,0,0,16.0,0.0
41805.30000000011,385.3,7,0,0,16.0,0.0
41823.50000000011,384.8,7,0,0,16.0,0.0
41841.700000000106,385.0,7,0,0,16.0,0.0
41859.9000000001,385.4,7,0,0,16.0,0.0
41878.1000000001,384.4,7,0,0,16.0,0.0
41896.3000000001,384.7,7,0,0,16.0,0.0
41914.500000000095,385.1,7,0,0,16.0,0.0
41932.70000000009,385.5,7,0,0,16.0,0.0
41950.90000000009,385.4,7,0,0,16.1,0.0
41969.100000000086,385.1,7,0,0,16.1,0.0
41987.40000000009,383.3,7,0,0,16.1,0.0
42005.600000000086,384.9,7,0,0,16.1,0.0
42023.80000000008,384.6,7,0,0,16.1,0.0
42042.00000000008,384.6,7,0,0,16.1,0.0
42060.20000000008,384.3,7,0,0,16.1,0.0
42078.400000000074,385.0,7,0,0,16.1,0.0
42096.70000000008,383.4,7,0,0,16.1,0.0
42114.900000000074,385.0,7,0,0,16.2,0.0
42133.10000000007,384.7,6,0,0,13.9,0.0
42151.50000000007,326.6,6,0,0,13.9,0.0
42169.300000000076,336.3,5,0,0,11.6,0.0
42187.60000000008,273.6,5,0,0,11.6,0.0
42205.300000000076,282.3,5,0,0,11.6,0.0
42223.00000000007,282.6,5,0,0,11.6,0.0
42240.70000000007,282.0,5,0,0,11.6,0.0
42258.40000000007,282.7,5,0,0,11.6,0.0
42276.100000000064,281.9,5,0,0,11.6,0.0
42293.80000000006,281.8,5,0,0,11.6,0.0
42311.50000000006,282.7,5,0,0,11.6,0.0
42329.200000000055,282.1,5,0,0,11.6,0.0
42346.90000000005,282.5,5,0,0,11.6,0.0
42364.60000000005,282.9,5,0,0,11.6,0.0
42382.30000000005,282.5,5,0,0,11.7,0.0
42400.000000000044,282.2,5,0,0,11.7,0.0
42417.70000000004,282.6,5,0,0,11.7,0.0
42435.40000000004,282.6,4,0,0,9.4,0.0
42453.40000000004,221.8,3,0,0,7.1,0.0
42471.30000000004,168.0,3,0,0,7.1,0.0
42488.60000000004,173.6,3,0,0,7.1,0.0
42505.900000000045,173.1,3,0,0,7.1,0.0
42523.20000000005,173.3,3,0,0,7.1,0.0
42540.400000000045,174.0,3,0,0,7.1,0.0
42557.70000000005,173.7,3,0,0,7.1,0.0
42575.00000000005,173.1,3,0,0,7.1,0.0
42592.300000000054,173.0,3,0,0,7.1,0.0
42609.60000000006,173.3,3,0,0,7.1,0.0
42626.90000000006,173.5,3,0,0,7.1,0.0
42644.20000000006,173.2,3,0,0,7.1,0.0
42661.500000000065,173.3,3,0,0,7.1,0.0
42678.80000000007,173.7,3,0,0,7.1,0.0
42696.10000000007,173.0,3,0,0,7.1,0.0
42713.400000000074,173.5,3,0,0,7.1,0.0
42730.70000000008,172.9,3,0,0,7.1,0.0
42748.00000000008,173.0,2,0,0,4.8,0.0
42765.70000000008,113.3,2,0,0,4.8,0.0
42782.800000000076,116.8,2,0,0,4.8,0.0
42800.00000000007,116.5,2,0,0,4.8,0.0
42817.10000000007,117.0,2,0,0,4.8,0.0
42834.20000000007,117.1,2,0,0,4.8,0.0
42851.30000000007,116.9,2,0,0,4.8,0.0
42868.40000000007,117.0,2,0,0,4.8,0.0
42885.500000000065,116.7,2,0,0,4.8,0.0
42902.600000000064,116.8,2,0,0,4.8,0.0
42919.70000000006,116.8,2,0,0,4.8,0.0
42936.80000000006,117.0,2,0,0,4.8,0.0
42954.00000000006,116.3,2,0,0,4.8,0.0
42971.10000000006,117.0,2,0,0,4.8,0.0
42988.200000000055,116.7,2,0,0,4.8,0.0
43005.300000000054,116.7,2,0,0,4.8,0.0
43022.40000000005,116.9,2,0,0,4.8,0.0
43039.50000000005,116.7,2,0,0,4.8,0.0
43056.70000000005,116.3,2,0,0,4.8,0.0
43073.80000000005,116.9,2,0,0,4.8,0.0
43091.000000000044,116.5,2,0,0,4.8,0.0
43108.10000000004,116.8,2,0,0,4.8,0.0
43125.20000000004,116.8,2,0,0,4.8,0.0
43142.20000000004,117.3,2,0,0,4.8,0.0
43159.30000000004,117.0,2,0,0,4.8,0.0
43176.40000000004,116.6,2,0,0,4.8,0.0
43193.600000000035,116.5,2,0,0,4.8,0.0
43210.70000000003,116.9,2,0,0,4.8,0.0
43227.90000000003,116.2,2,0,0,4.8,0.0
43245.10000000003,116.4,2,0,0,4.8,0.0
43262.300000000025,116.4,2,0,0,4.8,0.0
43279.40000000002,116.9,2,0,0,4.8,0.0
43296.60000000002,116.1,2,0,0,4.8,0.0
43313.80000000002,116.6,2,0,0,4.8,0.0
43330.900000000016,116.8,2,0,0,4.8,0.0
43348.10000000001,116.4,2,0,0,4.8,0.0
43365.20000000001,116.7,2,0,0,4.8,0.0
43382.30000000001,116.7,2,0,0,4.8,0.0
43399.60000000001,115.7,1,0,0,2.4,0.0
43417.000000000015,57.5,1,0,0,2.4,0.0
43433.80000000002,59.5,1,0,0,2.4,0.0
43450.60000000002,59.5,1,0,0,2.4,0.0
43467.50000000002,59.3,1,0,0,2.4,0.0
43484.40000000002,59.3,1,0,0,2.4,0.0
43501.200000000026,59.4,1,0,0,2.4,0.0
43518.00000000003,59.4,1,0,0,2.4,0.0
43534.80000000003,59.4,1,0,0,2.4,0.0
43551.600000000035,59.4,1,0,0,2.4,0.0
43568.40000000004,59.4,1,0,0,2.4,0.0
43585.30000000004,59.3,1,0,0,2.4,0.0
43602.10000000004,59.4,1,0,0,2.4,0.0
43618.900000000045,59.4,1,0,0,2.4,0.0
43635.70000000005,59.4,1,0,0,2.4,0.0
43652.50000000005,59.4,1,0,0,2.4,0.0
43669.300000000054,59.5,1,0,0,2.4,0.0
43686.200000000055,59.3,1,0,0,2.4,0.0
43703.00000000006,59.4,1,0,0,2.4,0.0
43719.80000000006,59.4,1,0,0,2.4,0.0
43736.600000000064,59.4,1,0,0,2.4,0.0
43753.40000000007,59.4,1,0,0,2.4,0.0
43770.30000000007,59.3,1,0,0,2.5,0.0
43787.20000000007,59.2,1,0,0,2.5,0.0
43804.10000000007,59.3,0,0,0,0.0,0.0
